strategy,total_return,cagr,annual_vol,sharpe,max_drawdown,calmar,daily_win_rate,avg_daily_turnover
Buy & Hold,7.849912175922556,0.14229882117051051,0.17126577576844532,0.8639894621639677,-0.3371727297052125,0.42203538018902437,0.5535887487875849,0.00024248302618816683
MA200 Trend,3.904566035619929,0.10189099571643734,0.11427341122431302,0.9078023658333957,-0.20159085712874003,0.5054346073411835,0.44835111542192047,0.01915615906886518
Vol Target,3.6427701078174843,0.0982089847162102,0.10166957589258814,0.9738686165575434,-0.12809857578138473,0.7666672647775208,0.5506789524733269,0.017483255418228316
Regime Rule,7.258467863303261,0.13748793407188686,0.15866702131933863,0.8927502204651215,-0.2831903567411047,0.4854965248607657,0.5489815712900097,0.07153249272550921
Regime Rule SPY/Cash,2.328076857546545,0.07612536145533566,0.1305127813071372,0.6284092779582193,-0.2831903567411048,0.2688133958068712,0.19471387002909796,0.03564500484966052
Market Attractor MCTS,1.925733560453681,0.06769798100617863,0.109527739685164,0.653623076495484,-0.17319352740081428,0.390880548610273,0.4182832201745878,0.21538554801163917
Market Attractor MCTS MultiAsset,0.5374888541212692,0.026594128876869405,0.11946929743056686,0.2797259154292184,-0.4209514309529636,0.0631762405859145,0.4245877788554801,0.771823472356935
