strategy,avg_position,annualized_turnover,min_position,max_position,position_0pct_days,position_25pct_days,position_50pct_days,position_75pct_days,position_100pct_days
Buy & Hold,1.0,0.0,1.0,1.0,0.0,0.0,0.0,0.0,1.0
MA200 Trend,0.8055286129970902,4.8273520853540255,0.0,1.0,0.1944713870029098,0.0,0.0,0.0,0.8055286129970902
Vol Target,0.75832723672574,4.407098433038043,0.0,1.0,0.004849660523763337,0.0,0.00024248302618816683,0.0,0.3157129000969932
Regime Rule,0.34408341416100874,17.965082444228905,0.0,1.0,0.6559165858389913,0.0,0.0,0.0,0.34408341416100874
Regime Rule SPY/Cash,0.34408341416100874,8.982541222114452,0.0,1.0,0.6559165858389913,0.0,0.0,0.0,0.34408341416100874
Market Attractor MCTS,0.44319835111542194,50.228903976721625,0.0,1.0,0.20441319107662465,0.1951988360814743,0.35184287099903006,0.12027158098933075,0.12827352085354024
Market Attractor MCTS MultiAsset,0.5053346265761397,190.89427740058196,0.0,1.0,0.3545101842870999,0.0,0.1784675072744908,0.20368574199806014,0.2633365664403492
