strategy,total_return,cagr,annual_vol,sharpe,max_drawdown,calmar,daily_win_rate,avg_daily_turnover
Buy & Hold,7.849912175922576,0.14229882117051074,0.17126577576844532,0.8639894621639667,-0.3371727297052126,0.4220353801890249,0.5535887487875849,0.00024248302618816683
MA200 Trend,3.9045660356199257,0.10189099571643734,0.11427341122431303,0.9078023658333944,-0.2015908571287397,0.5054346073411843,0.44835111542192047,0.01915615906886518
Vol Target,3.6427701078174817,0.0982089847162102,0.10166957589258806,0.973868616557543,-0.12809857578138484,0.7666672647775201,0.5506789524733269,0.01748325541822833
Regime Rule,7.258467863303251,0.13748793407188686,0.15866702131933863,0.8927502204651216,-0.2831903567411048,0.48549652486076555,0.5489815712900097,0.07153249272550921
Regime Rule SPY/Cash,2.328076857546542,0.07612536145533566,0.13051278130713723,0.6284092779582183,-0.2831903567411048,0.2688133958068712,0.19471387002909796,0.03564500484966052
Market Attractor MCTS,1.8709836071001162,0.0664680062009062,0.1074760433287578,0.6536786648009155,-0.2607560736387422,0.25490492042380036,0.4376818622696411,0.2027764306498545
Market Attractor MCTS MultiAsset,1.8861116966987712,0.06681005072599366,0.12417678341563389,0.5837240533560776,-0.3030002774240188,0.22049501503425897,0.459262851600388,0.757274490785645
