strategy,avg_position,annualized_turnover,min_position,max_position,position_0pct_days,position_25pct_days,position_50pct_days,position_75pct_days,position_100pct_days
Buy & Hold,1.0,0.0,1.0,1.0,0.0,0.0,0.0,0.0,1.0
MA200 Trend,0.8055286129970902,4.8273520853540255,0.0,1.0,0.1944713870029098,0.0,0.0,0.0,0.8055286129970902
Vol Target,0.75832723672574,4.407098433038043,0.0,1.0,0.004849660523763337,0.0,0.00024248302618816683,0.0,0.3157129000969932
Regime Rule,0.34408341416100874,17.965082444228905,0.0,1.0,0.6559165858389913,0.0,0.0,0.0,0.34408341416100874
Regime Rule SPY/Cash,0.34408341416100874,8.982541222114452,0.0,1.0,0.6559165858389913,0.0,0.0,0.0,0.34408341416100874
Market Attractor MCTS,0.44683559650824445,49.70950533462658,0.0,1.0,0.20198836081474297,0.19253152279340446,0.35717749757516976,0.11275460717749758,0.13554801163918526
Market Attractor MCTS MultiAsset,0.5169131910766246,191.47478176527645,0.0,1.0,0.33511154219204653,0.0,0.18768186226964112,0.21653734238603298,0.26066925315227935
